<?xml version="1.0"?>

<!-- Generated 09/15/2011 08:52:07

Configuration for 'sampledataDB' database service

-->

<beans xmlns="http://www.springframework.org/schema/beans"
       xmlns:xsi="http://www.w3.org/2001/XMLSchema-instance"
       xmlns:util="http://www.springframework.org/schema/util"
       xsi:schemaLocation="http://www.springframework.org/schema/beans http://www.springframework.org/schema/beans/spring-beans-3.0.xsd http://www.springframework.org/schema/util http://www.springframework.org/schema/util/spring-util-3.0.xsd">


    <bean 
        id="sampledataDB"
        class="com.sampledatadb.SampledataDB"
        scope="singleton"
        lazy-init="true">
        <property name="dataServiceManager">
            <ref bean="sampledataDBDataService"/>
        </property>
        <property name="taskManager">
            <ref bean="sampledataDBTaskMgr"/>
        </property>
    </bean>


    <bean 
        class="com.wavemaker.runtime.data.spring.WMPropertyPlaceholderConfigurer">
        <property name="ignoreUnresolvablePlaceholders" value="true"/>
        <property name="locations">
            <list>
                <value>classpath:sampledataDB.properties</value>
            </list>
        </property>
    </bean>

    <bean 
        id="sampledataDBDataSource"
        class="org.springframework.jdbc.datasource.DriverManagerDataSource" 
        lazy-init="true">
        <property name="driverClassName" value="${sampledataDB.driverClassName}"/>
        <property name="url" value="${sampledataDB.connectionUrl}"/>
        <property name="username" value="${sampledataDB.username}"/>
        <property name="password" value="${sampledataDB.password}"/>
    </bean>


    <bean 
        id="sampledataDBTxMgr" 
        class="org.springframework.orm.hibernate3.HibernateTransactionManager"
        lazy-init="true">
        <property name="sessionFactory">
            <ref bean="sampledataDBSessionFactory"/>
        </property>
    </bean>


    <bean 
        id="sampledataDBHibernateTemplate"
        class="org.springframework.orm.hibernate3.HibernateTemplate"
        lazy-init="true">
        <property name="sessionFactory"> 
            <ref bean="sampledataDBSessionFactory"/>
        </property>
    </bean>  


    <bean 
        id="sampledataDBSessionFactory" 
        class="com.wavemaker.runtime.data.spring.ConfigurationAndSessionFactoryBean"
        lazy-init="true">

        <!-- A unique name for this SessionFactory's configuration -->
        <property name="name" value="sampledataDB"/>
        <property name="dataSource" ref="sampledataDBDataSource"/>

        <property name="hibernateProperties">
            <props>
                <prop key="hibernate.dialect">${sampledataDB.dialect}</prop>
                <prop key="hibernate.transaction.factory_class">
                    org.hibernate.transaction.JDBCTransactionFactory
                </prop>
                <prop key="hibernate.current_session_context_class">thread</prop>
            </props> 
        </property>

        <property name="mappingResources">
            <list>

<value>com/sampledatadb/data/Inventory.hbm.xml</value>
<value>com/sampledatadb/data/Film.hbm.xml</value>
<value>com/sampledatadb/data/Customer.hbm.xml</value>
<value>com/sampledatadb/data/Department.hbm.xml</value>
<value>com/sampledatadb/data/FilmActor.hbm.xml</value>
<value>com/sampledatadb/data/Address.hbm.xml</value>
<value>com/sampledatadb/data/Employee.hbm.xml</value>
<value>com/sampledatadb/data/Vacation.hbm.xml</value>
<value>com/sampledatadb/data/User.hbm.xml</value>
<value>com/sampledatadb/data/Store.hbm.xml</value>
<value>com/sampledatadb/data/City.hbm.xml</value>
<value>com/sampledatadb/data/Actor.hbm.xml</value>
<value>com/sampledatadb/data/Country.hbm.xml</value>

<value>com/sampledatadb/data/Inventory.ql.xml</value>
<value>com/sampledatadb/data/app-queries.ql.xml</value>

            </list>
        </property>

    </bean>


    <!-- the data service bean instance is injected into the service bean -->
    <bean 
        id="sampledataDBDataService" 
        class="com.wavemaker.runtime.data.spring.SpringDataServiceManager"
        lazy-init="true">
        <constructor-arg>
            <!-- the value of the "name" property of the SessionFactory -->
            <value>sampledataDB</value>
        </constructor-arg>
        <constructor-arg>
            <ref bean="sampledataDBHibernateTemplate"/>
        </constructor-arg>
        <constructor-arg>
            <ref bean="sampledataDBTxMgr"/>
        </constructor-arg>
        <constructor-arg>
            <ref bean="sampledataDBTaskMgr"/>
        </constructor-arg>
        <constructor-arg>
            <map>
                <entry key="useIndividualCRUDOperations" value="false"/>
                <entry key="refreshEntities" value=""/> 
            </map>
        </constructor-arg>
    </bean>


    <bean 
        id="sampledataDBTaskMgr"
        class="com.wavemaker.runtime.data.DefaultTaskManager"
        lazy-init="true"/>

    <bean class="com.wavemaker.runtime.service.events.EventWire"
        lazy-init="false">
        <property name="serviceWire" ref="sampledataDBServiceWire"/>
        <property name="eventListener">
            <bean class="com.wavemaker.runtime.data.DataServiceEventListener"/>
        </property>
    </bean>

    <bean id="sampledataDBServiceWire"
        class="com.wavemaker.runtime.service.reflect.ReflectServiceWire"
        lazy-init="false" scope="singleton">
        <property name="serviceId" value="sampledataDB"/>
        <property name="serviceType" ref="DataService"/>
    </bean>

</beans>
