<!DOCTYPE hibernate-mapping PUBLIC "-//Hibernate/Hibernate Mapping DTD 3.0//EN" "http://hibernate.sourceforge.net/hibernate-mapping-3.0.dtd">
<hibernate-mapping>
    <class name="com.sampledatadb.data.Film" table="film" dynamic-insert="false" dynamic-update="false">
        <id name="filmId" type="integer">
            <column name="FILM_ID"/>
            <generator class="identity"/>
        </id>
        <property name="title" type="string">
            <column name="TITLE" not-null="true"/>
        </property>
        <property name="description" type="string">
            <column name="DESCRIPTION" length="500"/>
        </property>
        <property name="releaseYear" type="string">
            <column name="RELEASE_YEAR" length="4"/>
        </property>
        <property name="rentalDuration" type="integer">
            <column name="RENTAL_DURATION" not-null="true"/>
        </property>
        <property name="rentalRate" type="big_decimal">
            <column name="RENTAL_RATE" precision="4" not-null="true"/>
        </property>
        <property name="length" type="integer">
            <column name="LENGTH"/>
        </property>
        <property name="replacementCost" type="big_decimal">
            <column name="REPLACEMENT_COST" precision="5" not-null="true"/>
        </property>
        <property name="rating" type="string">
            <column name="RATING" length="5"/>
        </property>
        <property name="specialFeatures" type="string">
            <column name="SPECIAL_FEATURES" length="20"/>
        </property>
        <set name="filmActors" inverse="true">
            <key>
                <column name="FILM_ID" not-null="true"/>
            </key>
            <one-to-many class="com.sampledatadb.data.FilmActor"/>
        </set>
        <set name="inventories" inverse="true">
            <key>
                <column name="FILM_ID" not-null="true"/>
            </key>
            <one-to-many class="com.sampledatadb.data.Inventory"/>
        </set>
    </class>
</hibernate-mapping>