<!DOCTYPE hibernate-mapping PUBLIC "-//Hibernate/Hibernate Mapping DTD 3.0//EN" "http://hibernate.sourceforge.net/hibernate-mapping-3.0.dtd">
<hibernate-mapping>
    <class name="com.sampledatadb.data.Store" table="store" dynamic-insert="false" dynamic-update="false">
        <id name="storeId" type="integer">
            <column name="STORE_ID"/>
            <generator class="identity"/>
        </id>
        <many-to-one name="address" class="com.sampledatadb.data.Address" cascade="none">
            <column name="ADDRESS_ID" not-null="true"/>
        </many-to-one>
        <set name="customers" inverse="true">
            <key>
                <column name="STORE_ID"/>
            </key>
            <one-to-many class="com.sampledatadb.data.Customer"/>
        </set>
        <set name="inventories" inverse="true">
            <key>
                <column name="STORE_ID" not-null="true"/>
            </key>
            <one-to-many class="com.sampledatadb.data.Inventory"/>
        </set>
    </class>
</hibernate-mapping>