<?xml version="1.0" encoding="UTF-8"?>

<!--
Local spring modifications.  This file is never altered by WaveMaker software,
and is an ideal location for end-users to put any code they need.
-->
<beans xmlns="http://www.springframework.org/schema/beans"
		xmlns:xsi="http://www.w3.org/2001/XMLSchema-instance"
		xmlns:aop="http://www.springframework.org/schema/aop"
		xsi:schemaLocation="http://www.springframework.org/schema/beans
			http://www.springframework.org/schema/beans/spring-beans-3.0.xsd
			http://www.springframework.org/schema/aop
			http://www.springframework.org/schema/aop/spring-aop-3.0.xsd">

	<bean id="sampledataDBInitializer" 
		class="org.springframework.jdbc.datasource.init.DataSourceInitializer" 
		depends-on="sampledataDBSessionFactory">

		<property name="dataSource" ref="sampledataDBDataSource"/>

		<property name="databasePopulator">
			<bean class="org.springframework.jdbc.datasource.init.ResourceDatabasePopulator">
				<property name="scripts" value="classpath:sampledata.sql"/>
				<property name="continueOnError" value="true"/>
			</bean> 
		</property>
	</bean>	

</beans>
