<?xml version="1.0" encoding="UTF-8" standalone="yes"?>
<service xmlns="http://www.activegrid.com/namespaces/ServiceDefinitions/1.0" springFile="demohelper.spring.xml" type="JavaService" CRUDService="false" class="waitabit" id="demohelper">
    <operation name="sampleJavaOperation">
        <return isList="false" typeRef="java.lang.String"/>
    </operation>
    <operation name="waiting">
        <parameter isList="false" typeRef="int" name="n"/>
    </operation>
    <operation name="waitOperation">
        <return isList="false" typeRef="java.lang.String"/>
    </operation>
    <dataobjects/>
</service>
