<!DOCTYPE hibernate-mapping PUBLIC "-//Hibernate/Hibernate Mapping DTD 3.0//EN" "http://hibernate.sourceforge.net/hibernate-mapping-3.0.dtd">
<hibernate-mapping>
    <class name="com.sampledatadb.data.City" table="city" dynamic-insert="false" dynamic-update="false">
        <id name="cityId" type="integer">
            <column name="CITY_ID"/>
            <generator class="identity"/>
        </id>
        <property name="city" type="string">
            <column name="CITY" length="50" not-null="true"/>
        </property>
        <many-to-one name="country" class="com.sampledatadb.data.Country" cascade="none">
            <column name="COUNTRY_ID" not-null="true"/>
        </many-to-one>
        <set name="addresses" inverse="true">
            <key>
                <column name="CITY_ID"/>
            </key>
            <one-to-many class="com.sampledatadb.data.Address"/>
        </set>
    </class>
</hibernate-mapping>