<!DOCTYPE hibernate-mapping PUBLIC "-//Hibernate/Hibernate Mapping DTD 3.0//EN" "http://hibernate.sourceforge.net/hibernate-mapping-3.0.dtd">
<hibernate-mapping>
    <class name="com.sampledatadb.data.Country" table="country" dynamic-insert="false" dynamic-update="false">
        <id name="countryId" type="integer">
            <column name="COUNTRY_ID"/>
            <generator class="identity"/>
        </id>
        <property name="country" type="string">
            <column name="COUNTRY" length="50" not-null="true"/>
        </property>
        <set name="cities" inverse="true">
            <key>
                <column name="COUNTRY_ID" not-null="true"/>
            </key>
            <one-to-many class="com.sampledatadb.data.City"/>
        </set>
    </class>
</hibernate-mapping>